temperatureEau,temperature,humidity,date
22,23,58,2013-11-02 00:47:00
22,23,58,2013-11-02 00:49:39
22,23,57,2013-11-02 00:50:39
22,23,60,2013-11-02 00:51:40
21.9375,23,59,2013-11-02 00:52:41
21.9375,23,60,2013-11-02 00:53:42
21.875,23,58,2013-11-02 00:54:43
21.875,23,60,2013-11-02 00:55:44
21.875,23,58,2013-11-02 00:56:45
21.8125,23,59,2013-11-02 00:57:46
21.8125,23,58,2013-11-02 00:58:47
21.75,23,60,2013-11-02 00:59:48
21.75,23,60,2013-11-02 01:00:48
21.75,23,60,2013-11-02 01:01:49
21.75,23,59,2013-11-02 01:02:50
21.75,23,58,2013-11-02 01:03:51
21.6875,23,60,2013-11-02 01:04:52
21.6875,22,61,2013-11-02 01:05:53
21.6875,23,57,2013-11-02 01:06:54
21.6875,23,58,2013-11-02 01:07:55
21.6875,23,60,2013-11-02 01:08:56
21.6875,23,60,2013-11-02 01:09:56
21.625,22,63,2013-11-02 01:10:57
21.625,24,60,2013-11-02 01:11:58
21.625,22,61,2013-11-02 01:12:59
21.625,22,59,2013-11-02 01:14:00
21.625,22,59,2013-11-02 01:15:01
21.625,23,60,2013-11-02 01:16:02
21.625,22,60,2013-11-02 01:17:03
21.625,23,59,2013-11-02 01:18:04
21.625,23,60,2013-11-02 01:19:05
21.625,22,59,2013-11-02 01:20:05
21.625,22,59,2013-11-02 01:21:06
21.625,23,58,2013-11-02 01:22:07
21.625,22,59,2013-11-02 01:23:08
21.625,22,59,2013-11-02 01:24:09
21.625,22,59,2013-11-02 01:25:10
21.625,23,58,2013-11-02 01:26:11
21.625,22,59,2013-11-02 01:27:12
21.625,22,59,2013-11-02 01:28:13
21.625,22,59,2013-11-02 01:29:13
21.5625,22,59,2013-11-02 01:30:14
21.625,22,59,2013-11-02 01:31:15
21.5625,23,58,2013-11-02 01:32:16
21.5625,22,59,2013-11-02 01:33:17
21.5625,22,59,2013-11-02 01:34:18
21.5625,22,59,2013-11-02 01:35:19
21.5625,22,59,2013-11-02 01:36:20
21.5625,22,59,2013-11-02 01:37:21
21.5625,22,59,2013-11-02 01:38:22
21.5625,22,59,2013-11-02 01:39:22
21.5625,22,59,2013-11-02 01:40:23
21.5625,22,59,2013-11-02 01:41:24
21.5625,22,60,2013-11-02 01:42:25
21.5625,22,59,2013-11-02 01:43:26
21.5625,22,59,2013-11-02 01:44:27
21.5625,22,59,2013-11-02 01:45:28
21.5,22,59,2013-11-02 01:46:29
21.5625,22,59,2013-11-02 01:47:30
21.5625,22,59,2013-11-02 01:48:30
21.5625,22,59,2013-11-02 01:49:31
21.5625,22,59,2013-11-02 01:50:32
21.5625,22,59,2013-11-02 01:51:33
21.5625,22,59,2013-11-02 01:52:34
21.5625,22,60,2013-11-02 01:53:35
21.5,22,59,2013-11-02 01:54:36
21.5625,22,60,2013-11-02 01:55:37
21.5625,22,59,2013-11-02 01:56:38
21.5625,22,59,2013-11-02 01:57:39
21.5,22,59,2013-11-02 01:58:39
21.5625,22,59,2013-11-02 01:59:40
21.5625,22,59,2013-11-02 02:00:41
21.5625,22,59,2013-11-02 02:01:42
21.5625,22,59,2013-11-02 02:02:43
21.5625,22,59,2013-11-02 02:03:44
21.5625,22,60,2013-11-02 02:04:45
21.5625,22,59,2013-11-02 02:05:46
21.5,22,59,2013-11-02 02:06:47
21.5,22,60,2013-11-02 02:07:47
21.5625,22,59,2013-11-02 02:08:48
21.5,22,59,2013-11-02 02:09:49
21.5,22,59,2013-11-02 02:10:50
21.5,22,59,2013-11-02 02:11:51
21.5,22,59,2013-11-02 02:12:52
21.5,22,59,2013-11-02 02:13:53
21.5,22,59,2013-11-02 02:14:54
21.5,22,59,2013-11-02 02:15:55
21.5,22,59,2013-11-02 02:16:56
21.5,22,59,2013-11-02 02:17:56
21.5,22,59,2013-11-02 02:18:57
21.5,22,59,2013-11-02 02:19:58
21.5,22,60,2013-11-02 02:20:59
21.5,22,59,2013-11-02 02:22:00
21.5,22,60,2013-11-02 02:23:01
21.5,22,60,2013-11-02 02:24:02
21.5,22,60,2013-11-02 02:25:03
21.5,22,60,2013-11-02 02:26:04
21.5,22,59,2013-11-02 02:27:04
21.5,22,59,2013-11-02 02:28:05
21.5,22,60,2013-11-02 02:29:06
21.5,22,59,2013-11-02 02:30:07
21.5,22,59,2013-11-02 02:31:08
21.5,22,60,2013-11-02 02:32:09
21.5,22,60,2013-11-02 02:33:10
21.5,22,59,2013-11-02 02:34:11
21.5,22,59,2013-11-02 02:35:12
21.5,22,59,2013-11-02 02:36:13
21.5,22,59,2013-11-02 02:37:13
21.5,22,59,2013-11-02 02:38:14
21.5,22,59,2013-11-02 02:39:15
21.5,22,59,2013-11-02 02:40:16
21.5,22,60,2013-11-02 02:41:17
21.5,22,60,2013-11-02 02:42:18
21.5,22,59,2013-11-02 02:43:19
21.5,22,59,2013-11-02 02:44:20
21.5,22,59,2013-11-02 02:45:21
21.5,22,59,2013-11-02 02:46:21
21.5,22,60,2013-11-02 02:47:22
21.5,22,59,2013-11-02 02:48:23
21.5,22,59,2013-11-02 02:49:24
21.5,22,60,2013-11-02 02:50:25
21.5,22,60,2013-11-02 02:51:26
21.5,22,59,2013-11-02 02:52:27
21.5,22,59,2013-11-02 02:53:28
21.5,22,59,2013-11-02 02:54:29
21.5,22,59,2013-11-02 02:55:30
21.5,22,60,2013-11-02 02:56:30
21.5,22,60,2013-11-02 02:57:31
21.5,22,60,2013-11-02 02:58:32
21.5,22,59,2013-11-02 02:59:33
21.5,22,60,2013-11-02 03:00:34
21.4375,22,59,2013-11-02 03:01:35
21.5,22,59,2013-11-02 03:02:36
21.5,22,59,2013-11-02 03:03:37
21.4375,22,60,2013-11-02 03:04:38
21.4375,22,60,2013-11-02 03:05:38
21.5,22,60,2013-11-02 03:06:39
21.5,22,59,2013-11-02 03:07:40
21.5,22,59,2013-11-02 03:08:41
21.4375,22,59,2013-11-02 03:09:42
21.5,23,58,2013-11-02 03:10:43
21.5,22,59,2013-11-02 03:11:44
21.4375,22,60,2013-11-02 03:12:45
21.4375,22,60,2013-11-02 03:13:46
21.5,22,60,2013-11-02 03:14:47
21.5,22,60,2013-11-02 03:15:47
21.5,22,59,2013-11-02 03:16:48
21.4375,22,60,2013-11-02 03:17:49
21.4375,22,60,2013-11-02 03:18:50
21.4375,22,59,2013-11-02 03:19:51
21.4375,22,60,2013-11-02 03:20:52
21.4375,22,60,2013-11-02 03:21:53
21.4375,22,59,2013-11-02 03:22:54
21.4375,22,59,2013-11-02 03:23:55
21.4375,22,59,2013-11-02 03:24:56
21.4375,22,59,2013-11-02 03:25:56
21.4375,22,60,2013-11-02 03:26:57
21.4375,22,60,2013-11-02 03:27:58
21.4375,22,60,2013-11-02 03:28:59
21.4375,22,60,2013-11-02 03:30:00
21.4375,22,60,2013-11-02 03:31:01
21.4375,22,60,2013-11-02 03:32:02
21.4375,22,60,2013-11-02 03:33:03
21.4375,22,59,2013-11-02 03:34:04
21.4375,22,59,2013-11-02 03:35:04
21.4375,22,60,2013-11-02 03:36:05
21.4375,22,60,2013-11-02 03:37:06
21.4375,22,59,2013-11-02 03:38:07
21.4375,22,60,2013-11-02 03:39:08
21.4375,22,59,2013-11-02 03:40:09
21.4375,22,59,2013-11-02 03:41:10
21.4375,22,59,2013-11-02 03:42:11
21.4375,22,60,2013-11-02 03:43:12
21.4375,22,60,2013-11-02 03:44:13
21.4375,22,60,2013-11-02 03:45:13
21.4375,22,60,2013-11-02 03:46:14
21.4375,22,59,2013-11-02 03:47:15
21.4375,22,59,2013-11-02 03:48:16
21.4375,22,59,2013-11-02 03:49:17
21.4375,23,59,2013-11-02 03:50:18
21.4375,22,60,2013-11-02 03:51:19
21.4375,22,60,2013-11-02 03:52:20
21.4375,22,60,2013-11-02 03:53:21
21.4375,22,60,2013-11-02 03:54:21
21.4375,22,59,2013-11-02 03:55:22
21.4375,22,59,2013-11-02 03:56:23
21.5,22,60,2013-11-02 03:57:24
21.4375,22,60,2013-11-02 03:58:25
21.4375,22,60,2013-11-02 03:59:26
21.4375,22,60,2013-11-02 04:00:27
21.4375,22,60,2013-11-02 04:01:28
21.4375,22,59,2013-11-02 04:02:29
21.4375,22,59,2013-11-02 04:03:30
21.4375,22,59,2013-11-02 04:04:30
21.4375,22,59,2013-11-02 04:05:31
21.4375,22,59,2013-11-02 04:06:32
21.4375,22,60,2013-11-02 04:07:33
21.4375,22,60,2013-11-02 04:08:34
21.4375,22,60,2013-11-02 04:09:35
21.4375,22,60,2013-11-02 04:10:36
21.4375,22,59,2013-11-02 04:11:37
21.4375,22,59,2013-11-02 04:12:38
21.4375,22,59,2013-11-02 04:13:39
21.4375,22,59,2013-11-02 04:14:39
21.4375,22,60,2013-11-02 04:15:40
21.4375,22,60,2013-11-02 04:16:41
21.4375,22,59,2013-11-02 04:17:42
21.5,22,59,2013-11-02 04:18:43
21.4375,22,59,2013-11-02 04:19:44
21.4375,22,59,2013-11-02 04:20:45
21.4375,22,59,2013-11-02 04:21:46
21.4375,22,60,2013-11-02 04:22:47
21.4375,22,59,2013-11-02 04:23:47
21.4375,22,60,2013-11-02 04:24:48
21.5,22,59,2013-11-02 04:25:49
21.4375,22,59,2013-11-02 04:26:50
21.4375,22,59,2013-11-02 04:27:51
21.4375,22,60,2013-11-02 04:28:52
21.4375,22,59,2013-11-02 04:29:53
21.4375,22,60,2013-11-02 04:30:54
21.4375,22,60,2013-11-02 04:31:55
21.4375,22,60,2013-11-02 04:32:56
21.4375,22,60,2013-11-02 04:33:56
21.4375,22,59,2013-11-02 04:34:57
21.4375,22,59,2013-11-02 04:35:58
21.4375,22,59,2013-11-02 04:36:59
21.4375,22,60,2013-11-02 04:38:00
21.4375,22,60,2013-11-02 04:39:01
21.4375,22,60,2013-11-02 04:40:02
21.4375,22,60,2013-11-02 04:41:03
21.4375,22,59,2013-11-02 04:42:04
21.4375,22,59,2013-11-02 04:43:04
21.4375,22,59,2013-11-02 04:44:05
21.4375,22,60,2013-11-02 04:45:06
21.4375,22,60,2013-11-02 04:46:07
21.4375,22,60,2013-11-02 04:47:08
21.4375,22,60,2013-11-02 04:48:09
21.4375,22,60,2013-11-02 04:49:10
21.4375,22,60,2013-11-02 04:50:11
21.4375,22,59,2013-11-02 04:51:12
21.4375,22,59,2013-11-02 04:52:13
21.4375,22,60,2013-11-02 04:53:13
21.4375,22,59,2013-11-02 04:54:14
21.4375,22,60,2013-11-02 04:55:15
21.4375,22,60,2013-11-02 04:56:16
21.4375,22,59,2013-11-02 04:57:17
21.4375,22,59,2013-11-02 04:58:18
21.4375,22,60,2013-11-02 04:59:19
21.4375,22,59,2013-11-02 05:00:20
21.4375,22,60,2013-11-02 05:01:21
21.4375,22,60,2013-11-02 05:02:22
21.4375,22,60,2013-11-02 05:03:22
21.4375,22,60,2013-11-02 05:04:23
21.4375,22,60,2013-11-02 05:05:24
21.4375,22,59,2013-11-02 05:06:25
21.4375,22,59,2013-11-02 05:07:26
21.4375,22,59,2013-11-02 05:08:27
21.4375,22,60,2013-11-02 05:09:28
21.4375,22,60,2013-11-02 05:10:29
21.4375,23,59,2013-11-02 05:11:30
21.4375,22,60,2013-11-02 05:12:30
21.4375,22,59,2013-11-02 05:13:31
21.4375,22,59,2013-11-02 05:14:32
21.4375,22,60,2013-11-02 05:15:33
21.4375,22,59,2013-11-02 05:16:34
21.4375,22,60,2013-11-02 05:17:35
21.4375,22,60,2013-11-02 05:18:36
21.4375,22,60,2013-11-02 05:19:37
21.4375,22,60,2013-11-02 05:20:38
21.4375,22,59,2013-11-02 05:21:39
21.4375,22,59,2013-11-02 05:22:39
21.4375,22,60,2013-11-02 05:23:40
21.4375,22,59,2013-11-02 05:24:41
21.4375,22,60,2013-11-02 05:25:42
21.4375,22,60,2013-11-02 05:26:43
21.4375,22,60,2013-11-02 05:27:44
21.4375,22,60,2013-11-02 05:28:45
21.4375,22,59,2013-11-02 05:29:46
21.4375,22,59,2013-11-02 05:30:47
21.4375,22,60,2013-11-02 05:31:48
21.5,22,60,2013-11-02 05:32:48
21.5,22,60,2013-11-02 05:33:49
21.4375,22,60,2013-11-02 05:34:50
21.4375,22,59,2013-11-02 05:35:51
21.5,22,59,2013-11-02 05:36:52
21.5,22,59,2013-11-02 05:37:53
21.5,22,59,2013-11-02 05:38:54
21.5,22,59,2013-11-02 05:39:55
21.5,22,60,2013-11-02 05:40:56
21.5,22,60,2013-11-02 05:41:56
21.5,22,60,2013-11-02 05:42:57
21.5,22,60,2013-11-02 05:43:58
21.5,22,60,2013-11-02 05:44:59
21.5,22,59,2013-11-02 05:46:00
21.5,22,59,2013-11-02 05:47:01
21.5,22,60,2013-11-02 05:48:02
21.5,22,60,2013-11-02 05:49:03
21.5,22,60,2013-11-02 05:50:04
21.5,22,60,2013-11-02 05:51:05
21.5,22,60,2013-11-02 05:52:05
21.4375,22,59,2013-11-02 05:53:06
21.4375,22,59,2013-11-02 05:54:07
21.4375,22,59,2013-11-02 05:55:08
21.5,22,59,2013-11-02 05:56:09
21.5,22,59,2013-11-02 05:57:10
21.5,22,59,2013-11-02 05:58:11
21.4375,22,60,2013-11-02 05:59:12
21.4375,22,60,2013-11-02 06:00:13
21.5,22,60,2013-11-02 06:01:14
21.5,22,60,2013-11-02 06:02:14
21.5,22,59,2013-11-02 06:03:15
21.5,22,60,2013-11-02 06:04:16
21.5,22,59,2013-11-02 06:05:17
21.5,22,60,2013-11-02 06:06:18
21.5,22,59,2013-11-02 06:07:19
21.5,22,60,2013-11-02 06:08:20
21.5,22,60,2013-11-02 06:09:21
21.5,22,59,2013-11-02 06:10:22
21.5,22,59,2013-11-02 06:11:23
21.5,22,59,2013-11-02 06:12:23
21.5,22,60,2013-11-02 06:13:24
21.5,22,60,2013-11-02 06:14:25
21.5,22,60,2013-11-02 06:15:26
21.5,22,60,2013-11-02 06:16:27
21.5,22,60,2013-11-02 06:17:28
21.5,22,59,2013-11-02 06:18:29
21.5,23,59,2013-11-02 06:19:30
21.5,22,59,2013-11-02 06:20:31
21.5,22,59,2013-11-02 06:21:31
21.5,22,60,2013-11-02 06:22:32
21.5,22,59,2013-11-02 06:23:33
21.5,22,59,2013-11-02 06:24:34
21.5,22,60,2013-11-02 06:25:35
21.5,22,59,2013-11-02 06:26:36
21.4375,22,60,2013-11-02 06:27:37
21.5,22,60,2013-11-02 06:28:38
21.5,22,60,2013-11-02 06:29:39
21.5,22,60,2013-11-02 06:30:40
21.5,22,60,2013-11-02 06:31:40
21.5,22,59,2013-11-02 06:32:41
21.5,22,59,2013-11-02 06:33:42
21.5,22,59,2013-11-02 06:34:43
21.5,22,60,2013-11-02 06:35:44
21.5,22,60,2013-11-02 06:36:45
21.5,22,60,2013-11-02 06:37:46
21.5,22,60,2013-11-02 06:38:47
21.5,22,60,2013-11-02 06:39:48
21.5,22,59,2013-11-02 06:40:49
21.5,22,60,2013-11-02 06:41:49
21.5,22,59,2013-11-02 06:42:50
21.5,22,59,2013-11-02 06:43:51
21.5,22,60,2013-11-02 06:44:52
21.5,22,60,2013-11-02 06:45:53
21.5,22,60,2013-11-02 06:46:54
21.5,22,60,2013-11-02 06:47:55
21.5,22,59,2013-11-02 06:48:56
21.5,22,59,2013-11-02 06:49:57
21.5,22,59,2013-11-02 06:50:57
21.5,22,60,2013-11-02 06:51:58
21.5,22,59,2013-11-02 06:52:59
21.5,22,60,2013-11-02 06:54:00
21.5,22,60,2013-11-02 06:55:01
21.5,22,59,2013-11-02 06:56:02
21.5,22,60,2013-11-02 06:57:03
21.5,22,60,2013-11-02 06:58:04
21.5625,22,59,2013-11-02 06:59:05
21.5,22,60,2013-11-02 07:00:06
21.5,22,59,2013-11-02 07:01:06
21.5,22,59,2013-11-02 07:02:07
21.5,22,60,2013-11-02 07:03:08
21.5,22,59,2013-11-02 07:04:09
21.5,22,60,2013-11-02 07:05:10
21.5,22,60,2013-11-02 07:06:11
21.5,22,59,2013-11-02 07:07:12
21.5625,22,60,2013-11-02 07:08:13
21.5625,22,60,2013-11-02 07:09:14
21.5,22,59,2013-11-02 07:10:15
21.5,22,60,2013-11-02 07:11:15
21.5625,22,60,2013-11-02 07:12:16
21.5,22,60,2013-11-02 07:13:17
21.5625,23,59,2013-11-02 07:14:18
21.5,22,60,2013-11-02 07:15:19
21.5,22,59,2013-11-02 07:16:20
21.5625,22,59,2013-11-02 07:17:21
21.5625,22,59,2013-11-02 07:18:22
21.5625,22,59,2013-11-02 07:19:23
21.5625,22,60,2013-11-02 07:20:23
21.5625,22,60,2013-11-02 07:21:24
21.5625,22,60,2013-11-02 07:22:25
21.5625,22,60,2013-11-02 07:23:26
21.5625,22,60,2013-11-02 07:24:27
21.5625,22,60,2013-11-02 07:25:28
21.5625,22,59,2013-11-02 07:26:29
21.5625,22,59,2013-11-02 07:27:30
21.5625,22,59,2013-11-02 07:28:31
21.5625,22,60,2013-11-02 07:29:32
21.5625,22,59,2013-11-02 07:30:32
21.5625,22,60,2013-11-02 07:31:33
21.5625,22,60,2013-11-02 07:32:34
21.5625,22,60,2013-11-02 07:33:35
21.5625,22,60,2013-11-02 07:34:36
21.5625,22,59,2013-11-02 07:35:37
21.5625,22,59,2013-11-02 07:36:38
21.5625,22,59,2013-11-02 07:37:39
21.5625,22,59,2013-11-02 07:38:40
21.5625,22,59,2013-11-02 07:39:41
21.5625,22,59,2013-11-02 07:40:41
21.5625,22,60,2013-11-02 07:41:42
21.5625,22,60,2013-11-02 07:42:43
21.5625,22,60,2013-11-02 07:43:44
21.5625,22,60,2013-11-02 07:44:45
21.5625,22,60,2013-11-02 07:45:46
21.5625,22,59,2013-11-02 07:46:47
21.5625,22,59,2013-11-02 07:47:48
21.5625,22,59,2013-11-02 07:48:49
21.5625,22,60,2013-11-02 07:49:49
21.5625,22,60,2013-11-02 07:50:50
21.5625,22,60,2013-11-02 07:51:51
21.5625,22,60,2013-11-02 07:52:52
21.5625,22,60,2013-11-02 07:53:53
21.5625,22,59,2013-11-02 07:54:54
21.5625,22,59,2013-11-02 07:55:55
21.625,22,59,2013-11-02 07:56:56
21.5625,22,59,2013-11-02 07:57:57
21.5625,22,59,2013-11-02 07:58:58
21.5625,22,59,2013-11-02 07:59:58
21.625,22,59,2013-11-02 08:00:59
21.5625,22,60,2013-11-02 08:02:00
21.625,22,60,2013-11-02 08:03:01
21.5625,22,60,2013-11-02 08:04:02
21.5625,22,60,2013-11-02 08:05:03
21.5625,22,59,2013-11-02 08:06:04
21.625,22,59,2013-11-02 08:07:05
21.5625,22,59,2013-11-02 08:08:06
21.5625,22,59,2013-11-02 08:09:07
21.5625,22,60,2013-11-02 08:10:07
21.5625,22,59,2013-11-02 08:11:08
21.5625,22,60,2013-11-02 08:12:09
21.625,22,60,2013-11-02 08:13:10
21.5625,22,60,2013-11-02 08:14:11
21.625,22,60,2013-11-02 08:15:12
21.5625,22,59,2013-11-02 08:16:13
21.625,22,59,2013-11-02 08:17:14
21.5625,22,59,2013-11-02 08:18:15
21.625,22,59,2013-11-02 08:19:15
21.625,22,59,2013-11-02 08:20:16
21.625,22,60,2013-11-02 08:21:17
21.625,22,60,2013-11-02 08:22:18
21.625,22,60,2013-11-02 08:23:19
21.625,22,60,2013-11-02 08:24:20
21.625,22,60,2013-11-02 08:25:21
21.625,22,60,2013-11-02 08:26:22
21.625,22,59,2013-11-02 08:27:23
21.625,22,59,2013-11-02 08:28:24
21.625,22,59,2013-11-02 08:29:24
21.625,22,59,2013-11-02 08:30:25
21.625,22,60,2013-11-02 08:31:26
21.625,22,60,2013-11-02 08:32:27
21.625,22,60,2013-11-02 08:33:28
21.625,22,60,2013-11-02 08:34:29
21.625,22,60,2013-11-02 08:35:30
21.625,22,60,2013-11-02 08:36:31
21.625,23,59,2013-11-02 08:37:32
21.625,22,59,2013-11-02 08:38:32
21.625,22,60,2013-11-02 08:39:33
21.6875,22,59,2013-11-02 08:40:34
21.6875,22,59,2013-11-02 08:41:35
21.625,22,60,2013-11-02 08:42:36
21.625,23,58,2013-11-02 08:43:37
21.625,22,61,2013-11-02 08:44:38
21.6875,22,60,2013-11-02 08:45:39
21.6875,22,60,2013-11-02 08:46:40
21.6875,22,60,2013-11-02 08:47:41
21.6875,22,60,2013-11-02 08:48:41
21.6875,22,60,2013-11-02 08:49:42
21.6875,22,61,2013-11-02 08:50:43
21.6875,22,59,2013-11-02 08:51:44
21.6875,22,59,2013-11-02 08:52:45
21.6875,23,58,2013-11-02 08:53:46
21.6875,22,59,2013-11-02 08:54:47
21.6875,22,59,2013-11-02 08:55:48
21.6875,22,60,2013-11-02 08:56:49
21.6875,22,59,2013-11-02 08:57:50
21.6875,23,58,2013-11-02 08:58:50
21.6875,22,60,2013-11-02 08:59:51
21.6875,22,60,2013-11-02 09:00:52
21.6875,22,60,2013-11-02 09:01:53
21.6875,22,60,2013-11-02 09:02:54
21.75,22,60,2013-11-02 09:03:55
21.75,22,59,2013-11-02 09:04:56
21.75,22,59,2013-11-02 09:05:57
21.75,22,59,2013-11-02 09:06:58
21.75,23,58,2013-11-02 09:07:58
21.75,22,59,2013-11-02 09:08:59
21.75,22,60,2013-11-02 09:10:00
21.75,22,59,2013-11-02 09:11:01
21.75,22,60,2013-11-02 09:12:02
21.75,22,60,2013-11-02 09:13:03
21.75,22,60,2013-11-02 09:14:04
21.75,22,60,2013-11-02 09:15:05
21.75,22,60,2013-11-02 09:16:06
21.75,22,60,2013-11-02 09:17:07
21.75,23,58,2013-11-02 09:18:07
21.75,22,59,2013-11-02 09:19:08
21.75,22,59,2013-11-02 09:20:09
21.75,23,58,2013-11-02 09:21:10
21.75,22,59,2013-11-02 09:22:11
21.75,22,59,2013-11-02 09:23:12
21.75,22,59,2013-11-02 09:24:13
21.75,22,60,2013-11-02 09:25:14
21.8125,22,59,2013-11-02 09:26:15
21.8125,22,60,2013-11-02 09:27:15
21.8125,22,60,2013-11-02 09:28:16
21.8125,23,59,2013-11-02 09:29:17
21.75,22,60,2013-11-02 09:30:18
21.8125,22,60,2013-11-02 09:31:19
21.8125,22,60,2013-11-02 09:32:20
21.75,22,60,2013-11-02 09:33:21
21.8125,22,60,2013-11-02 09:34:22
21.8125,22,59,2013-11-02 09:35:23
21.9375,23,58,2013-11-02 09:42:39
21.9375,23,60,2013-11-02 09:43:39
21.9375,23,58,2013-11-02 09:44:40
21.9375,23,58,2013-11-02 09:45:41
21.9375,23,59,2013-11-02 09:46:42
22,23,58,2013-11-02 09:47:43
22,23,59,2013-11-02 09:48:44
22,23,59,2013-11-02 09:49:45
22,23,58,2013-11-02 09:50:46
22,23,58,2013-11-02 09:51:47
22,23,58,2013-11-02 09:52:47
22,23,58,2013-11-02 09:53:48
22,23,59,2013-11-02 09:54:49
22,23,58,2013-11-02 09:55:50
22,23,58,2013-11-02 09:56:51
22,23,59,2013-11-02 09:57:52
22,23,59,2013-11-02 09:58:53
22,23,58,2013-11-02 09:59:54
22,23,58,2013-11-02 10:00:55
22,23,58,2013-11-02 10:01:55
22,23,58,2013-11-02 10:02:56
22,23,58,2013-11-02 10:03:57
22,23,58,2013-11-02 10:04:58
22,23,59,2013-11-02 10:05:59
22,23,58,2013-11-02 10:07:00
22,23,58,2013-11-02 10:08:01
22,23,58,2013-11-02 10:09:02
22,23,58,2013-11-02 10:10:03
22,23,58,2013-11-02 10:11:04
22,23,58,2013-11-02 10:12:04
22,23,59,2013-11-02 10:13:05
22,23,58,2013-11-02 10:14:06
22,22,59,2013-11-02 10:15:07
22,23,58,2013-11-02 10:16:08
22.0625,23,58,2013-11-02 10:17:09
22.0625,22,59,2013-11-02 10:18:10
22.0625,23,58,2013-11-02 10:19:11
22.0625,23,58,2013-11-02 10:20:12
22.0625,23,58,2013-11-02 10:21:13
22.0625,23,58,2013-11-02 10:22:13
22.0625,23,58,2013-11-02 10:23:14
22.0625,23,58,2013-11-02 10:24:15
22.0625,23,58,2013-11-02 10:25:16
22.0625,23,58,2013-11-02 10:26:17
22.0625,23,59,2013-11-02 10:27:18
22.0625,23,59,2013-11-02 10:28:19
22.0625,23,58,2013-11-02 10:29:20
22.0625,23,58,2013-11-02 10:30:21
22.0625,23,58,2013-11-02 10:31:21
22.0625,23,58,2013-11-02 10:32:22
22.0625,23,58,2013-11-02 10:33:23
22.0625,23,58,2013-11-02 10:34:24
22.125,23,58,2013-11-02 10:35:25
22.0625,23,58,2013-11-02 10:36:26
22.0625,23,58,2013-11-02 10:37:27
22.0625,23,58,2013-11-02 10:38:28
22.125,23,58,2013-11-02 10:39:29
22.125,23,58,2013-11-02 10:40:29
22.125,23,58,2013-11-02 10:41:30
22.125,22,59,2013-11-02 10:42:31
22.125,22,59,2013-11-02 10:43:32
22.125,23,59,2013-11-02 10:44:33
22.125,23,58,2013-11-02 10:45:34
22.125,23,58,2013-11-02 10:46:35
22.125,22,59,2013-11-02 10:47:36
22.125,23,58,2013-11-02 10:48:37
22.125,23,58,2013-11-02 10:49:38
22.125,23,58,2013-11-02 10:50:38
22.125,23,58,2013-11-02 10:51:39
22.125,23,58,2013-11-02 10:52:40
22.125,23,58,2013-11-02 10:53:41
22.125,23,59,2013-11-02 10:54:42
22.1875,23,58,2013-11-02 10:55:43
22.1875,24,59,2013-11-02 10:56:44
22.1875,22,59,2013-11-02 10:57:45
22.1875,23,58,2013-11-02 10:58:46
22.1875,23,58,2013-11-02 10:59:46
22.1875,23,58,2013-11-02 11:00:47
22.1875,23,58,2013-11-02 11:01:48
22.1875,23,58,2013-11-02 11:02:49
22.1875,23,58,2013-11-02 11:03:50
22.1875,22,59,2013-11-02 11:04:51
22.1875,23,58,2013-11-02 11:05:52
22.1875,23,58,2013-11-02 11:06:53
22.1875,23,58,2013-11-02 11:07:54
22.1875,23,58,2013-11-02 11:08:55
22.1875,23,58,2013-11-02 11:09:55
22.1875,22,59,2013-11-02 11:10:56
22.1875,23,58,2013-11-02 11:11:57
22.25,22,59,2013-11-02 11:12:58
22.1875,23,57,2013-11-02 11:13:59
22.1875,23,58,2013-11-02 11:15:00
22.1875,23,58,2013-11-02 11:16:01
22.125,22,59,2013-11-02 11:17:02
22.125,23,57,2013-11-02 11:18:03
22.125,23,57,2013-11-02 11:19:03
22.125,23,57,2013-11-02 11:20:04
22.125,23,58,2013-11-02 11:21:05
22.125,22,58,2013-11-02 11:22:06
22.125,23,57,2013-11-02 11:23:07
22.125,22,59,2013-11-02 11:24:08
22.1875,23,58,2013-11-02 11:25:09
22.1875,23,58,2013-11-02 11:26:10
22.1875,23,58,2013-11-02 11:27:11
22.1875,23,58,2013-11-02 11:28:12
22.1875,23,58,2013-11-02 11:29:12
22.25,22,59,2013-11-02 11:30:13
22.25,23,58,2013-11-02 11:31:14
22.25,23,58,2013-11-02 11:32:15
22.25,23,59,2013-11-02 11:33:16
22.25,23,58,2013-11-02 11:34:17
22.25,23,58,2013-11-02 11:35:18
22.25,23,58,2013-11-02 11:36:19
22.25,23,58,2013-11-02 11:37:20
22.25,23,58,2013-11-02 11:38:21
22.25,23,58,2013-11-02 11:39:21
22.25,23,58,2013-11-02 11:40:22
22.25,24,58,2013-11-02 11:41:23
22.3125,23,58,2013-11-02 11:42:24
22.25,23,58,2013-11-02 11:43:25
22.25,23,58,2013-11-02 11:44:26
22.25,23,58,2013-11-02 11:45:27
22.25,23,58,2013-11-02 11:46:28
22.25,23,58,2013-11-02 11:47:29
22.3125,23,58,2013-11-02 11:48:29
22.25,23,58,2013-11-02 11:49:30
22.3125,23,59,2013-11-02 11:50:31
22.3125,23,58,2013-11-02 11:51:32
22.25,23,58,2013-11-02 11:52:33
22.25,23,58,2013-11-02 11:53:34
22.3125,22,59,2013-11-02 11:54:35
22.25,23,58,2013-11-02 11:55:36
22.1875,22,58,2013-11-02 11:56:37
22.1875,23,57,2013-11-02 11:57:38
22.125,22,58,2013-11-02 11:58:38
22.125,23,57,2013-11-02 11:59:39
22.125,23,57,2013-11-02 12:00:40
22.0625,23,57,2013-11-02 12:01:41
22.125,22,58,2013-11-02 12:02:42
22.125,22,58,2013-11-02 12:03:43
22.0625,23,56,2013-11-02 12:04:44
22.0625,23,56,2013-11-02 12:05:45
22,22,57,2013-11-02 12:06:46
22,22,58,2013-11-02 12:07:47
22,22,57,2013-11-02 12:08:47
22,22,57,2013-11-02 12:09:48
22,22,57,2013-11-02 12:10:49
22,22,57,2013-11-02 12:11:50
22,22,57,2013-11-02 12:12:51
22,22,57,2013-11-02 12:13:52
22,22,57,2013-11-02 12:14:53
22,23,56,2013-11-02 12:15:54
21.9375,22,57,2013-11-02 12:16:55
22,22,57,2013-11-02 12:17:55
22,22,57,2013-11-02 12:18:56
22,22,58,2013-11-02 12:19:57
22,23,56,2013-11-02 12:20:58
22,22,58,2013-11-02 12:21:59
22,23,57,2013-11-02 12:23:00
22.0625,22,58,2013-11-02 12:24:01
22,22,58,2013-11-02 12:25:02
22.0625,22,59,2013-11-02 12:26:03
22,22,57,2013-11-02 12:27:04
22.0625,23,56,2013-11-02 12:28:04
22.0625,23,57,2013-11-02 12:29:05
22.0625,22,58,2013-11-02 12:30:06
22.0625,22,58,2013-11-02 12:31:07
22.0625,22,57,2013-11-02 12:32:08
22.0625,23,56,2013-11-02 12:33:09
22.125,22,57,2013-11-02 12:34:10
22.125,23,56,2013-11-02 12:35:11
22.125,22,57,2013-11-02 12:36:12
22.125,23,56,2013-11-02 12:37:12
22.125,22,58,2013-11-02 12:38:13
22.125,22,57,2013-11-02 12:39:14
22.125,22,58,2013-11-02 12:40:15
22.1875,23,56,2013-11-02 12:41:16
22.1875,23,57,2013-11-02 12:42:17
